{
  "metadata": {
    "timestamp": "2026-03-06T00:06:41",
    "transport": "QUIC/UDP (same for both)",
    "what_differs": "QUIC stream ACK vs QDAP Ghost Session (fire-and-forget)",
    "n_runs": 3,
    "median_reported": true,
    "netem_verification": {
      "tc_output": "qdisc netem 8017: root refcnt 9 limit 1000 delay 20ms  2ms loss 1% seed 17054249319349277565",
      "netem_active": true,
      "delay_active": true,
      "loss_active": true
    },
    "note": "QUIC ACK: opens stream, sends data, waits for 8-byte ACK, then proceeds. QDAP Ghost: opens stream, sends data, continues immediately \u2014 no ACK wait."
  },
  "results": [
    {
      "label": "1KB",
      "payload_size": 1024,
      "n_messages": 200,
      "n_runs": 3,
      "quic_ack_tput_runs": [
        0.30833100748483516,
        0.2972039502775988,
        0.29906110826368626
      ],
      "quic_ack_tput_median": 0.299,
      "qdap_tput_runs": [
        1.56308765068861,
        1.4758690067171265,
        1.5553892191494962
      ],
      "qdap_tput_median": 1.555,
      "qdap_n_received": 215,
      "ratio": 5.2,
      "qdap_ack_bytes": 0
    },
    {
      "label": "64KB",
      "payload_size": 65536,
      "n_messages": 50,
      "n_runs": 3,
      "quic_ack_tput_runs": [
        1.8633421563660055,
        1.9077752682847426,
        2.177251502724421
      ],
      "quic_ack_tput_median": 1.908,
      "qdap_tput_runs": [
        2.2117644507388343,
        117.00270623903478,
        2.2202132152372096
      ],
      "qdap_tput_median": 2.22,
      "qdap_n_received": 53,
      "ratio": 1.16,
      "qdap_ack_bytes": 0
    },
    {
      "label": "1MB",
      "payload_size": 1048576,
      "n_messages": 10,
      "n_runs": 3,
      "quic_ack_tput_runs": [
        2.209719907253145,
        2.2273438592275827,
        2.136577544982705
      ],
      "quic_ack_tput_median": 2.21,
      "qdap_tput_runs": [
        93.01090396594076,
        2.6078123194578318,
        2.1812280074122956
      ],
      "qdap_tput_median": 2.608,
      "qdap_n_received": 10,
      "ratio": 1.18,
      "qdap_ack_bytes": 0
    }
  ]
}